﻿Designator,Footprint,Quantity,Value,LCSC Part #
"C1, C2",CAP-TH_BD18.0-P7.50-D1.2-SIDE,2,LKMI2501K821MF,C443097
"C10, C11, C12, C15, C16, C17, C19, C21, C23, C3, C32, C33, C34, C35, C39, C4, C42, C46, C57, C58, C59, C60",0603,22,100n,
"C13, C14",0603,2,C,
"C18, C20, C24, C25, C27, C28, C31",0603,7,2u2,
"C22, C36, C37, C38, C40, C44, C47, C5, C6, C7, C8",0603,11,1u,
C26,0603,1,10n,
C29,0603,1,120p,
C30,0603,1,22n,
"C41, C43, C45",1210,3,10u,
"C48, C49",0603,2,2n2,
"C50, C51, C52",0603,3,51p,
"C53, C54, C55, C56",0603,4,4n7,
C9,0603,1,10u,
D1,D_SMA_Handsoldering,1,SMAJ60CA,
"D10, D13, D15, D4, D8",D_SOD-323,5,BAT60A,
"D11, D2, D3, D5",1206,4,LED_G,
D12,1206,1,LED_R,
D14,Nexperia_CFP3_SOD-123W,1,PMEG6020AELR,
D6,1206,1,LED,
D7,D_SOD-323_HandSoldering,1,"PESD3V3U1UA,115",C403915
D9,D_SOD-323_HandSoldering,1,SD05_SOD323,
FB1,0603,1,FerriteBead,
"H1, H2, H3, H4",MountingHole_3.2mm_M3_Pad_Via,4,MountingHole_Pad,
J1,CONN-TH_XT60PW-M,1,XT60PW-M,C98732
J2,CONN-SMD_8P-P2.50_HX25003-8AWB,1,HX25003-8AWB,C442367
"J3, U9",CONN-SMD_S6B-XH-SM4-TB-LF-SN,2,S6B-XH-SM4-TB(LF)(SN),C191914
J4,CONN-SMD_XH-3AWB,1,XH-3AWB,C141812
"J5, J6, J7",WE_7461084,3,7461084,
J8,USB-C_SMD-TYPE-C-31-M-12,1,USB_C_Receptacle_USB2.0,
L1,IND-SMD_L7.8-W7.8_SDR0805,1,22u,
"NT2, NT3, NT5, NT6, NT8",NetTie_SMD_Pad_3.00mm,5,Net_Tie_PWR,
"Q1, Q2, Q3, Q4, Q5, Q6",PQFN-8_L6.0-W5.0-P1.27-LS6.0-BL,6,HSBA15810C,C845605
"R1, R13, R21, R23, R25, R3, R45, R46, R47, R48, R64",0603,11,2k2,
"R10, R11, R5, R6, R7",0603,5,1k,
"R12, R53, R54, R55, R60, R61, R62, R63",0603,8,0R,
R14,0603,1,16k,
"R15, R49, R50, R51, R52",0603,5,10k,
R16,0603,1,205k,
R17,0603,1,1M,
"R18, R20, R22, R24",0603,4,18k,
R19,0603,1,3k3,
"R2, R30, R36, R4, R40",0603,5,39k,
"R26, R27, R32, R33, R38, R39",0603,6,4R7,
"R28, R29, R34, R35",0603,4,100R,
"R31, R37",RES-SMD_L7.0-W6.7,2,0R001,
R41,0603,1,120R,
"R42, R43, R44",0603,3,10R,
"R56, R57",0603,2,5k1,
"R58, R59",0603,2,22R,
"R8, R9",0603,2,R,
SW1,SW-SMD_4P-L5.2-W5.2-P3.70-LS6.4,1,SW_DIP_x01,
TH1,0603,1,Thermistor_NTC,
U1,CONN-SMD_XH-2PWBPZ,1,XH-2PWBPZ,C2687444
U10,XSON-7_L2.2-W1.2-P0.50-BL,1,PUSB3AB6Z,C553550
U2,SOT-223-3_TabPin2,1,AMS1117-3.3,
U3,LQFP-64_10x10mm_P0.5mm,1,STM32F405RGTx,
U4,HTSSOP-56_L14.0-W6.1-P0.50-LS8.1-BL-EP,1,DRV8302DCAR,C79740
U5,CONN-SMD_S4B-XH-SM4-TB-LF-SN,1,S4B-XH-SM4-TB-(LF)(SN),C161861
U6,SOT-23-3_L3.0-W1.7-P0.95-LS2.9-BR,1,ESDCAN24-2BLY,C246766
U7,FILTER-SMD_4P-L9.2-W6.0-P2.54-TL,1,744227S,C2651119
U8,SOIC-8_3.9x4.9mm_P1.27mm,1,SN65HVD230,
Y1,CRYSTAL-SMD_L5.0-W3.2,1,Crystal_Small,
